contamination_mgl,dose_mgl
62.5095466604667,17.00187618636087
87.35534453962619,20.656991625464183
30.30324268193135,13.180043088672212
55.34973520744925,14.7282424393117
21.530869823559897,10.712114931778668
51.48888202713703,15.869643635311382
49.68734353935042,15.450014296935493
36.95363106022067,15.495599378985029
88.03321539808286,17.9963808485606
9.149560506304566,7.63998378341747
59.818406720721306,17.852046579746993
81.63381038190757,20.03509918247912
63.79965807883322,17.22619022374408
40.24982981039816,15.614982764217178
30.04200814790703,13.291598475079839
94.49481711449795,19.288931490521936
92.79056847445244,19.636101007811277
56.969427447380795,17.784075418490396
87.6218808109271,19.058378017292622
2.5196870801760363,2.200019359376349
65.77607300385144,18.72215908079705
59.02909822897146,18.22315882447794
90.91793139905502,17.86503156359121
81.05268303172451,18.127370856358315
62.84619478662907,15.987084234969444
19.852114799267284,10.097498739200562
57.333271761112094,17.371969642705682
98.03947508805895,18.5802262266146
58.065286385282256,16.740462728434405
6.871535212186153,6.421191753069228
80.60391472621087,17.92517296265079
39.82755596793706,15.045062343602444
84.01688171583896,20.362886797404038
30.66594908888719,14.22931364850782
18.388939650969117,9.711245170109956
72.9989249002065,18.262873850997718
52.33041529751773,17.550733363931187
25.27686779524564,13.476035138949799
59.03878678348518,19.309876704315233
93.8341286864614,21.292590768196618
19.125268008489737,12.689414461342192
85.40090713418452,16.242979773049132
62.661181932812106,14.864924410492446
12.913794147432478,7.389574181478312
63.87499660221029,15.856141895203086
82.38854890020143,17.137779296441977
89.29477581907895,20.466527432096463
56.37097242670692,16.971452033346385
65.72439132707336,18.154787385888444
83.0552532263184,14.896712630423925
24.74095916167709,12.743955395625948
57.905457442925425,19.024678533716646
13.320664234967827,9.601155868296042
30.64105792068602,13.488211628352149
88.39224647221467,18.200838050764876
77.64735240652465,18.061699620133282
51.87762340602949,15.510631420157244
74.83315628979193,19.006945542936457
64.45216230234747,20.69371671061803
77.7115809053182,18.958305043057887
75.76906645183887,19.5523376859331
3.333923511124659,4.263266108636085
72.16402185196623,19.476054367581
13.78161543499311,7.528004330644637
82.53234003000402,19.95128144979188
57.4952933829019,17.1962154620315
21.719484630772246,10.711233694536366
31.381070639710295,14.689562322423777
99.53616594289969,20.537614357941784
22.717950091335336,13.045828587255247
86.04756804576209,18.223192811641667
52.693720005005716,16.89458928398124
39.56041072949006,18.184930359513924
11.319164078204269,6.683783347610512
20.7817667123404,9.441784589736724
31.53508144343814,13.603660646020641
88.08570268692277,17.06130592135426
84.96933426464467,20.86712727269541
75.65249791557885,17.000739688465256
93.6643156652351,19.118546562496388
57.53760618116289,18.328826832075798
64.36814697926853,17.128546608057103
83.50553061430395,20.364149355466214
76.9171701868133,22.65612617687215
46.86698004984289,14.69138766292267
8.475789473371066,6.268652159515098
45.28196430564076,14.969562443404516
22.219688522726432,11.442539646409758
75.02868822392033,17.270852664118443
62.03854337394312,17.88072265163356
55.83234580933622,17.732478867822888
75.54570899978516,19.61574136215324
84.47291006744885,16.916503016274216
86.03336861960739,16.570507314376652
58.359825104712435,16.539270385163263
43.07449246402313,13.815856535349448
94.78985794758125,19.409776085077596
49.383333891415894,13.525344627726396
42.02426227262105,13.774737213635685
45.806686572657306,16.036933391643842
70.65287713233785,16.4879038393802
44.51935732482665,13.5327512281536
37.66225090675041,14.156433781416888
63.101318243079454,20.386192571156354
25.631238316014592,11.420513608926585
19.55724530403161,10.662484721022986
92.3184182440686,18.505096434867685
34.38381250143936,12.658511396955289
44.13321950434456,16.075791013866386
28.33314053582521,12.487735497019141
47.43480251536123,16.52940508615962
18.406722147691056,10.831355729380782
16.091495418718715,10.027896806952963
66.33085284909913,19.554797463919186
88.61971497640828,19.169388375752057
91.50947466679445,17.44258897920594
57.01484348129328,20.685834692107875
1.866287488120555,3.0287969636597927
75.55260958502994,18.115832789476464
30.391802901193856,14.289920494935016
68.04621801065693,18.896412489668034
24.547585121915894,10.241600126152711
26.758181472053057,12.981667736474922
81.50358692078323,18.67306320684752
84.66216139847108,20.149367522961633
31.279690654706805,16.216940465791467
75.77306031523214,21.21805567606045
69.84260967392207,18.85058490239795
20.47386484288002,10.174034934624757
44.807210294940724,16.997201940914586
27.11062293046007,11.86894775647297
73.8770511084484,18.734319888175555
7.510853873703449,6.4351915184057775
86.53119542749063,20.296394307611898
76.00420290990492,18.540281909079404
45.31503214917076,16.191449304782825
15.337356156963066,9.344358221814892
64.71145475571862,19.137244805985027
80.27783741874889,18.676469338706184
16.59355324649926,11.271679806101815
73.36871327932715,18.663501324409193
68.66603732129266,21.83020759110778
10.129284244182235,7.321520577479452
33.24194139646273,12.499037838236053
17.127911299155652,8.60488428354044
14.113675143953031,9.69175865818526
80.82091788389899,17.211740846901737
16.231032380526766,9.492268932368598
13.911851320856005,7.434278824482587
46.4797014512623,18.663464254309122
33.11101615566822,14.084753492518182
40.66812840443333,15.077145113712797
25.311698287156183,13.09022327126175
14.590151903260972,10.243613720373418
69.5768948457315,17.459598475632358
33.155099554440866,15.955189914357367
6.7051638120258055,5.78893966220939
67.86190971840627,16.333537017742483
78.33075210604092,20.430705255834877
94.27792735634857,17.22495411512663
37.476609897530786,13.331089012855351
43.28039319075898,17.324847339566105
67.18906479581986,18.005666773506363
30.392499115161563,13.528388611324281
18.65705013700991,9.738442861038312
63.604117685196485,18.240162236939902
34.821490190538796,13.467174254079245
8.002927577687913,5.5863318381251155
99.1498959527581,15.76946374749704
4.234982905689655,4.291048226748197
32.790861013080615,13.55171736520965
20.248121156949793,12.720545027841116
43.52086295786912,16.448929415306356
96.07496390554398,19.71048919913993
2.7932550157694025,3.3356908971033823
10.04428442579468,7.49551576151872
8.65394704000625,7.744735739303986
10.038069240392533,7.72697932867924
64.07263586104744,17.671432083613247
12.908105089788535,8.325267205013887
17.705577766698045,11.22302015072274
86.6076327609067,20.223003287315233
44.271446920888536,17.6877829554254
89.66481908874484,19.682258227416824
9.651552632397841,6.778247596623851
51.12554483711341,17.698613969545146
12.49676782737964,8.443777743223297
72.98301278994721,17.302511159894394
69.84842578956494,19.947950751389197
5.694882111890576,5.320568176621795
1.8336137926127538,2.804230789105367
65.6807013753902,19.56670681600236
46.539012592482074,16.260421966377507
71.99647945239752,16.071681052379496
80.7254627642757,19.38637256666519
25.837869745066953,10.862956875469829
98.0776103548191,17.791671714303302
20.272320262916633,11.570473850375079
51.94683706037546,17.482392489718105
92.24033800195133,18.85778361734635
18.862652708034034,10.591942606944535
66.45887792022674,18.604274778928925
24.63557005278553,11.91686894908278
50.51617370363951,15.168942429935834
99.07324342083817,18.19714594181877
16.139788056678384,6.910582297891097
31.8321548193363,13.22598655152882
13.774210784254326,9.830668297069082
39.004539942119074,14.610477203931637
73.12583219112547,19.636394531283003
41.49085257214347,14.077159363026489
51.63400201113484,17.78741736985513
91.93716330824451,18.457106642931638
94.79593669328659,16.90463218976178
49.70308188142568,17.230849834156924
30.470011654623054,15.004736821497414
56.968994454770915,15.094747888315354
86.9827775619146,18.920241123269868
89.48150582847101,16.08701100757399
14.74633396620979,8.684323895665816
85.68393595310215,21.863120721855218
76.95664567965946,20.382607225661545
86.92397743206884,18.339562165131316
32.478287953217475,13.152757176587166
19.34384800220498,11.582080014304216
76.01858968623381,19.75308041459779
88.01663975261789,18.17408330200527
58.24249432189662,15.042692813001878
61.35139109766909,19.094044138820298
48.53060911653192,17.878210814277413
84.73962590424247,19.883490666904123
6.592438214042384,5.125755491348163
88.56744506113411,18.33920794134927
91.53647817683371,17.870284738402354
98.94827748174283,19.180553218546073
26.171783982614873,11.455544583403643
20.67078766587661,9.787755682325253
89.36314265000908,18.927799762120177
96.2563041571862,18.068030879901773
96.771996622623,19.496258777826103
9.904386591935154,7.730019997340508
55.97855251287702,15.915506151582791
32.72398146392778,15.893921707786506
89.00765852910233,19.778321106143224
49.983690504612575,15.355492566038263
61.66476544061984,18.930139557757578
53.32237079242497,16.457346110289322
54.678114116938694,20.137854251765198
7.533961065523043,5.850043937895699
17.614190795357445,10.159092824140735
68.74021092637729,20.264682561191204
36.565321654956016,13.69866765294984
44.02246210823778,15.577444463601367
61.91420848214886,18.46051370239261
65.02652279363025,18.294441910956483
79.58705116186644,23.052584627047494
26.41130316191659,14.674922646527977
79.09481120131086,18.387325759866822
8.388038458990188,7.8583196118623615
22.515831898878503,11.02617884056429
8.77892601411563,8.042288453785673
5.714915343670257,5.132299676404758
32.207835521267945,13.427839460326467
67.82555033725242,18.844520534887323
45.95329670762053,14.211024460414665
38.581253451211936,15.586459130678657
10.506778699359698,7.1497026334254015
36.18704837852743,17.35598274914907
71.33004084122159,17.11451420402543
57.99137536190019,17.23511792890941
13.399693392721312,6.961629723319071
87.16987795777126,16.750680912280583
37.04246218911356,14.537712279129543
2.2236884527759293,2.9575623785277343
65.96461306934033,16.16247647300941
74.50429083959126,18.91458598144048
80.0551085539732,17.046633903229427
18.705193152209365,10.291479791899512
83.00231982942152,20.2423436920475
32.683940538449995,13.22754127963292
85.1667910456297,22.044269270996715
50.78954287197972,14.123064529673286
75.77227784270781,19.033545530917213
35.335436336997304,15.24702469368886
98.84087029615517,18.448134420745326
96.58012532207641,18.845757204581965
10.620314382132568,8.994318117494762
53.62274091578679,18.56960490006025
15.93705240902369,9.571791090138865
10.179164815703622,6.218386527944057
25.66792882714899,10.557668660215167
67.59819111886814,20.21589779256976
23.42876238792284,10.651028395576565
74.48646974572914,18.652916214157557
44.06814939611257,17.199518303667386
27.657482074371586,12.382272881633968
10.526210345623344,7.605812014964554
99.33177963690703,18.81408057742808
92.43400767755668,17.893959319563834
86.4190628603003,20.779578005828178
85.11878681869912,17.183341129828758
6.667072687211039,5.7996243794317115
18.816758461760898,12.572301882244112
8.069315954772637,7.651606952524401
41.486045170935505,17.02770348046294
10.339546045164461,7.027423779022667
54.232018851295784,20.608446249411337
2.449973925326532,2.9129196704941056
79.83619074783577,17.239619799826325
26.38177233599143,12.747872234649847
14.116730965972323,9.346738204124435
94.16920995871297,17.746899740462684
37.265461337687015,14.235381098113152
31.559114353599572,16.0368829827297
89.64692729265468,19.609855866272664
87.50974792292554,19.604490264967964
37.92935241133299,14.287221239858482
28.7079842556886,12.05732920713656
49.73306950971982,17.122020319457366
71.3342727213246,21.699513140855714
72.1129343787545,17.387881812048725
12.013176120541724,7.064360552299001
77.55495472506362,18.68144008686271
19.33687258957696,11.009565816078691
34.39517428593815,14.793251029291
70.70688313226626,16.028611323037932
57.686385061518074,16.7128423601809
24.795847138716255,13.945489951308753
3.8631309889025744,4.330395289202992
29.372047903598585,14.256952029728755
93.56574214208527,18.59546846679004
66.16606348953589,18.24210618041581
22.95974131440316,13.651734775857715
84.07191430587996,17.985933679858878
22.753610995625895,11.169516604895017
83.96948195647003,17.610494560045726
20.132044227189372,10.788236404965708
58.61412601867788,19.12988799703794
49.70314056101262,14.528537852665949
29.531052734884376,11.284782248365023
20.542034263118904,8.910112625534689
50.20212654146092,16.676999135757608
45.16370395887619,14.380652496961927
20.49472945993761,12.761082935420047
40.945493892301755,17.871644235612646
39.40467470226731,14.567171003177311
23.33007804006574,11.793316896073078
0.8187443267269501,1.6594252359568076
7.604980500583769,5.803306484266778
79.68576362820177,18.426077811858253
35.1782994604812,13.992023453838806
86.78101141008884,17.22138926358074
91.91883770087435,17.66451177833718
98.94473385838145,19.002032116557398
29.506315893500457,15.414968113702518
14.305165833239908,9.006634374992021
38.415461069884174,14.225576018728
88.74241471276741,19.97024966772259
34.96042129842877,15.047160770493008
29.759387078403222,11.647409431570969
83.74438079247494,16.329632611041667
52.156087706110334,16.29777088893501
77.84468643681663,16.75666051691087
83.2411985893265,21.28915320231222
83.46050812332881,18.81355210281049
89.65550476680205,22.24463126224899
53.68259240887387,18.905055016322233
94.4279804409606,19.32695293196414
71.3190665595797,17.88092643081539
69.40383247166554,17.42946486115468
35.50511017245319,14.316731574888655
33.15363441342106,13.923021740792104
28.460661638848162,14.77298773040324
42.26805150414242,16.715371099422306
68.72261075935417,20.98093875698852
63.06197284859213,19.984653538776264
91.68181334584435,22.748010290928914
55.47968971565121,18.971244993270467
6.616252308545367,5.35241207527965
46.733827860822096,16.416684871700376
85.1502163307065,20.756598268014038
55.381809120929226,17.23066632511221
74.5602167053922,18.51113476830907
47.91945734059713,16.04038485766811
30.555168606385287,15.878229024493523
74.14325408798548,18.83749909730106
87.00901227640772,22.054948489374837
49.59888447461315,17.116678200871895
47.03541388242204,14.932187230522445
63.3751749179569,16.568247618529842
52.67028378184817,14.790231721257822
31.23572953885907,13.083546070203242
25.735043900986476,12.169200152393811
70.30894641939342,19.16407378419331
12.209217051157372,9.502296307523146
72.88520481572128,17.002037900674477
33.631134655458524,14.558134487226804
79.71775948880612,18.267559915097117
59.45188336132379,16.72218255125138
15.760144803070652,10.434890166277253
47.979919930074054,18.292152818976106
99.69796484520401,18.77224014097192
40.23034786686755,15.124941366168414
55.916221809833935,15.408268283555289
85.16571736460257,20.05736838133944
6.954783367169847,5.90645961012795
21.015708132119194,13.648856279585276
17.948197065771897,10.034719337539958
60.65508965448336,15.975143292484786
44.813707854843244,16.65493473175421
37.06908502347754,13.940768585362385
93.36065126597491,19.139505469601854
72.5807947364143,20.249064082675446
87.69087900554412,17.55054401558827
77.84900762338007,20.65626397571384
52.516841525888424,14.82775930726655
63.56818460022535,16.08608282733902
74.25985847292289,20.65757583082227
73.5081659692724,20.614879999399246
21.621076192797005,12.932938043082634
71.68370100070356,16.683121213794724
63.183692150529026,18.19000955940702
34.56262075732626,15.997043247819688
25.974148325584768,12.172605754674317
33.934185383097606,13.918408931380357
65.91246648168182,18.943338059964557
14.244238080306603,9.137427499620758
96.06376617566592,14.861539529153939
36.270050033272305,14.832488228040226
90.75420940290883,21.497919308668113
91.88354009562458,20.80859257649494
84.04123810769761,18.67060489099818
90.10982144471978,20.887033819530256
19.72084282300427,12.053064786274762
32.47120390068356,12.380322477684068
4.961920292005761,4.955858792564459
16.969811845408657,8.569920077227446
92.28804903124711,18.446416501363636
98.6285443390027,22.18880066969767
48.220724323488895,14.393773899832807
25.50741777680061,13.300719235993855
40.47100195002603,15.16688119012775
73.4568367043626,19.354166212013567
68.23626679127621,16.685849461367074
28.86244439079685,12.383286561054204
18.97878099432203,11.686543564370531
85.02714034645031,21.728392415562688
70.33281556641948,17.395533836372618
7.221248855177221,4.968500659794391
0.9290393731109847,2.0308962057470006
80.74785907839092,21.17439729096305
55.99831024966997,18.707288957064296
85.53324046426165,20.86953469557836
6.248304714130248,5.431016825243421
4.583008455570747,4.464437144110219
49.83323849967852,18.045718374785686
65.0470191277233,16.518113716971186
46.72457512496968,16.845609370992523
41.436473628944626,14.959016842159526
98.22718239176808,20.656037359932125
30.04505723860754,13.232317551792983
1.358528941292736,2.5689695766907032
83.53036689331078,20.08239616726507
89.68497678748795,19.40523113266984
17.689131406218863,8.33585133165856
96.74716744591201,18.785582934207085
98.11630712342759,18.155003387959198
71.99045826890747,18.712614245124993
86.03441040953822,18.60694100222981
35.42621316954451,17.34257132320173
93.3446733605726,20.413958281336203
46.50835949653309,16.85002113587421
69.59675245421148,17.28120048739658
93.66267472464286,20.62530947107913
86.80755224676805,18.546479382680232
78.80871183887922,20.07409509003667
87.06203749142934,17.91427355721207
56.648150862440694,17.400437767249482
51.552080768512496,17.206118529975917
64.18224091420429,17.71985558940997
89.2524009644604,16.768569789526204
67.81633253348967,15.526923058874367
80.58113987118054,19.797927279943963
85.15523109953784,18.30263475307084
37.994148007607095,14.195105271070199
16.08444165325973,11.405332233279122
3.018654917788799,3.2306516724637344
60.69979680097198,16.728410058940142
6.385163134846761,5.424111989976955
70.62944917748237,19.844675828089002
22.24380822580293,12.115151637063086
28.445595481176444,10.698977021131638
61.39018505573517,17.12624382459241
18.120153910615112,12.544527126189461
81.69176554963113,19.64129177881571
67.0577752082892,16.46492959548507
80.42160613000922,18.305458017830027
71.14867670438335,18.543215606786354
89.16496186044317,19.217381553139827
24.391716083681303,13.81994397157976
0.2106924487851658,2.4132799359401353
24.663469248856952,12.665441166530996
96.87400031517784,17.32051028641303
22.876220026007367,10.903549675976876
21.96999179874114,9.538095822728494
17.64917505207384,10.51789001448576
55.95325562712702,20.58023257720091
45.932332369298045,16.003204598428347
81.73326859355953,18.79694618385938
49.19609063866002,15.593312688885469
42.28194174384959,16.357147656466214
67.25074795976569,19.76664361237661
81.06540575971974,18.039781440795306
94.96119397321672,20.871095799833483
89.54663130142389,18.910469425385347
96.81970504340308,21.756855920585735
46.69660389559104,17.60751202045455
60.566437403285256,16.66961484300874
1.929501318522775,3.1095519551204367
49.227612216345726,17.310033275504377
43.930243170883244,15.893540221917068
26.69672144515959,12.209288348853885
70.69227420199789,17.081644135699698
32.838834469766255,14.144122908119924
11.95257599366213,9.24358777845474
40.57325470756147,15.913490473888382
13.472188298158795,8.241274876333307
19.054286828293876,9.943244873341124
91.0386988185139,17.350130105702988
7.077000288597446,6.528509722111606
70.5040352264679,22.207637602153348
71.04369175367442,19.293070417846188
8.15278373264735,7.64435404814745
26.03013919932119,14.74827734767488
27.352980050517463,13.862329028871095
69.24604930421361,18.435094234644463
71.0001237530651,16.099679766694223
5.7783517276306595,6.849353488271918
91.18944975364371,17.509894720444482
27.725418165920544,11.795071668902592
97.44303760306306,20.216239480552392
7.380434730455709,6.533856537866246
68.96615159169247,16.15452035453327
20.833859317156033,11.5423584673236
46.34408423023191,15.508484484990353
56.21129635023379,17.535196536937857
18.206322160081566,9.663206806639113
93.79557837447695,18.592137688762296
29.07880650990403,14.982334689548015
22.833316310232433,10.654738069778842
62.250282877571294,19.50655142597472
96.72398996507405,18.763798773664906
95.52852451253304,19.250585801871622
26.85574512845047,10.2055400653186
44.594760683351055,14.40336838714712
88.24910738161422,18.301163169039253
44.61577469483662,18.36996605861609
22.487000943622437,12.745840086082135
14.63180495678068,9.492552293598445
70.96891834267598,17.477585730679365
92.78067886959201,21.474766723749408
45.167296801874244,14.518632985159797
20.363350969590886,11.490048431177785
86.17746582826108,18.877530410109134
5.008702886303906,3.9991906569246414
62.293454769109324,17.807599405748853
3.9372462497650362,3.894793796761208
34.71342029754395,13.028493216945161
86.33019397320459,17.969338407592296
78.84651066349775,16.831231489194668
83.6525642182487,20.499268455463397
99.54944175783746,20.600667883161435
9.57797758504164,6.955635800139994
39.78144597640688,15.608083504107393
43.90181755436514,17.371845402406986
82.74515199672383,19.049916836369114
60.12359050125632,15.495890088859465
36.91331599691956,16.45116027219695
4.146347215347291,4.721844434822677
82.50310290128719,19.11167258127339
40.15518017418491,14.567056007857834
9.889318998199103,6.08266028063382
99.13657964241169,21.665423646141253
37.360917193187746,15.368520031415933
71.48753941127377,17.835836321242038
89.28617545184542,17.693036154996115
8.919334613674689,6.243612837711047
32.081837803005,14.258544384580569
32.67142192778611,12.976728554177642
72.4085000582034,20.804341170802253
53.279879422648946,19.29631980834328
81.41053932048551,20.05773866600426
92.18090547805275,18.181522814521514
58.292876192692255,16.89037681033486
37.785703380530364,13.704016465789586
30.428462082781515,16.4897074794853
38.9947094991733,16.7062633935293
70.17611232267078,19.583289278549525
44.73767324150963,15.934778370770275
78.0555982539677,14.741068082528352
38.527857497862136,15.175180478474887
67.52550737172773,16.17366818135275
27.247515257878884,13.218877773541085
99.32077598051026,20.016173085065443
11.15641428259081,6.764325915802372
91.05404535267722,19.59535811379227
31.494664437773334,12.091811121515189
43.77010655817701,15.765269250332555
35.25450004398544,17.389556038753508
82.81551549074264,17.64113311389878
30.98202270369622,14.275889452117346
5.386062041535267,4.409103653914471
70.58751160053451,16.611750799335287
30.681420673634165,13.993985835272948
87.87982557689047,16.5638463082399
5.756910599965948,6.284142981094849
79.8967559788545,20.268704850470943
91.48325866311534,20.16705240936176
60.341601685344024,17.617242983836213
8.408008913538668,7.159160830490886
36.84868771072277,19.559556004471755
67.19946377807715,18.359387859272715
33.00015160316244,13.942193805300736
88.67313808640938,19.671236315671408
99.69782396339646,21.088830463524452
75.25762710697646,17.173804115883268
13.761125686590137,8.691809504599492
19.219516041264228,10.447555867744024
37.334320449372285,15.04816881817124
64.82095923999705,17.654974251562134
80.33390094889495,18.654708631164844
26.87771365742201,12.03555536874122
89.92605645877663,20.955071563071186
65.57750152810874,19.748149496429978
76.87101296727597,17.510506611038164
61.874757366773224,20.111124764236244
56.17442778355321,17.168528491935344
23.72632074541885,13.390680661303552
76.14078423748562,19.861057875581594
16.1263724012227,8.732330307633676
29.292409396209262,15.140333478970216
7.114681679616197,6.714913021702417
32.59883753283107,16.838008329875457
17.87394406752787,11.076468248641715
58.0711615870703,17.709412260697466
90.60105452587982,19.88682610365447
42.26695569082125,17.654659595284606
34.620389463916666,13.847840342276816
71.79568285147693,17.736931435227874
54.004192049739686,16.42640795199561
80.7681553154817,19.459326266334326
32.0665457045886,12.494873821155197
9.696541991330076,7.588780706464197
21.854563506814085,11.9985856506496
72.87877690689429,19.068929945697924
84.38391219081709,17.21350001608221
77.09600535305754,19.08275679887414
64.49341499679308,20.419161210040798
20.614243119774013,12.239222028259771
96.40123534755335,18.814269423710982
95.09869764250924,16.64477117312437
23.263713855725843,13.193832904955016
90.88187926970424,21.4921552410117
9.807244179299278,6.10443909755757
62.958298558390425,17.57684533775807
36.92688411286511,14.159064926109231
98.68122923030379,19.024018612949316
2.570239452827927,3.4736812996442175
37.5007564896715,15.650945404723904
52.36779341235134,14.92565957398243
27.12559589570821,12.28771985160134
95.78605779560347,20.155467055937372
87.99123122997617,21.703317807611466
6.603092069011652,6.5732689946511185
80.71201637272111,19.4002300422605
76.86688602552104,20.200650350535728
68.84014814807388,16.977609195562298
39.57907604537052,16.352204081397705
16.825904870577013,10.906977604477813
62.94614898191371,17.830021172803633
80.71175649003686,19.53680018257296
17.438409760021635,10.37204049961722
0.5178849243592132,1.8682067951943684
35.2761796969007,12.678282732349453
21.416827946549343,9.60320794080465
30.210248753412117,14.333000359881371
53.516973938285396,20.030568029197
19.912595684713697,10.688066096264446
40.48279110797131,15.5477137374765
90.85388982941923,18.855487404543467
84.84396890464726,20.413354563421837
23.90341433196791,13.08836312584076
91.24848801439627,20.77353030800431
9.291806559996907,6.547779040949715
26.383987566061805,11.987497103120871
68.16030033646082,18.243912458760338
12.490117375980924,8.561218855790727
53.35070513459609,19.538116690694686
27.38112386117687,13.418007574408986
25.805265272976406,11.301575081502044
83.01729259907307,20.176258580430115
16.929164159669487,7.697412523179858
61.37877155954027,18.635459301021083
97.6384093665454,19.1594873227018
70.10618539856023,18.746635945919092
99.45168921648742,18.033363936878665
19.565706592249697,10.833317105490352
30.951398806616346,13.006274292616686
86.59434414276738,19.292526784991246
87.7398566027324,18.367892451570178
62.03588045344124,15.834525171141925
55.92875722924745,15.795584892748883
27.099960055123585,13.55529260804002
80.31874955883492,18.08050055260394
98.0106625389928,20.354145502710086
48.65533260532371,15.576180861041015
15.22782812889395,10.655408098036244
26.637966491871413,13.19951390749089
30.071467978498156,13.739644878744894
57.87212023501746,18.136211213794383
2.8679561345941518,3.156934797236132
61.88119298066253,16.868343061944138
28.336574304618733,14.5099961554597
51.22598070391163,16.66270014864238
34.1185648970045,13.290790919809812
39.673181756236566,14.030633666595106
11.62693962214274,7.193157379449045
99.27973785595204,15.220661097286639
28.57746420782884,12.711445404842436
10.903598105429657,7.1873282564278425
33.56276991641527,13.869688567060928
44.172356438478225,16.437202627520723
45.593667373324244,18.710649795174422
4.200035784958156,4.052027085362546
5.748653075687926,5.633315481377047
69.46284353033936,20.558982880215808
75.38144993852966,19.89042995044579
69.76988235491515,19.58540860811111
18.910785028692125,14.032910277155503
77.49666206991562,17.835886439588727
61.39644970798061,19.180772434595262
43.68555265817202,13.635178671671962
60.95641165716841,16.783805965475562
90.86689350400248,17.95186968360492
70.99417292888623,16.797262162401495
69.45290615538138,20.59882284059039
3.745940927929814,4.656609250238936
20.200916197565288,12.374287208036767
87.7737005644485,17.450278133698202
29.207674094644087,13.72773696556327
11.18327633896019,7.851364088344768
15.61550342297824,9.153232430743637
42.95792096914103,14.399964698414962
48.08984576232316,17.06993305407042
34.425003949221114,14.933765436031186
64.88096253912762,13.960385542451458
39.02481980420016,15.298531056998963
54.45366714332008,16.073356100150086
94.30858981455894,19.639404554702896
11.916399527413436,6.469093622898881
7.4914549228967235,5.999125850961286
54.41805459251581,16.32568437920857
85.34139991315914,18.465249933905987
60.48793862277889,16.682395854920777
9.429814484659016,6.741734978913859
32.991845227217084,14.78248447935117
7.183454121468225,5.625192321084792
46.73562654271453,14.920029393185905
31.316624742457687,11.660883927141734
88.82913961655498,20.664520316911716
5.089000893327644,5.509714862596393
56.13408698247362,16.24430958814464
55.39796335847562,19.790310982578017
42.87834157835575,16.434050516404916
69.94336101038084,15.306179107419755
10.100435735946201,8.509688985974655
65.5562772367423,19.148255233603496
31.825332624244073,14.113271149903515
38.663664770862994,18.201907081705226
27.667902796153033,12.9597837471621
74.83721822562353,18.20295765988611
89.57226752233582,18.413965376182365
76.5623572181272,17.55491805859156
91.18383778807308,19.750050380298077
15.449131124548243,10.829575120514894
95.43246758963961,17.47156796647573
53.17994302782276,16.68382650916468
23.411136899415453,11.254183008335913
33.21364425853686,15.328534804012012
15.287755335983345,9.477886248453608
23.349610950327282,9.818538327664283
22.030008364278675,11.788836814049352
61.042278931019744,20.560192198341387
55.10619937546779,17.829069552513864
77.17257722617775,19.766483889586365
44.28730522463766,13.904014346642356
45.9215843776585,14.707849262582119
14.867055271411012,10.038592367495
58.533858909078006,18.783140514057205
29.123404900600715,13.676316018728864
1.9646121450368481,3.128148905528845
98.3087280759777,18.618634116445538
81.94701802233546,20.334749200123003
88.23169845038838,17.68185942389032
60.09555050886419,18.89916358575186
10.89219383757598,6.454102940972349
87.52772960506597,18.946045903991653
50.0750746780967,15.883273917891684
2.867334534253796,3.1461349454079
29.444818560306963,15.68986528219433
75.18610202949954,17.10827385986033
53.80344454161641,17.494886436150068
78.97583123793076,17.938992562088778
53.77187494705148,17.407711264835484
26.91345880050435,12.777924964218675
68.34213141420653,19.723161865671386
25.944036591620055,13.536083324193857
18.06532711390477,13.039319740189246
28.118359504698176,12.845424933560224
30.39161502713873,13.49518956597548
81.0007030263412,18.129271962972222
20.585823053822672,13.716883674453637
25.148098987951307,13.357924846572647
22.171125755701926,12.777311161861771
30.328746341656398,13.403917822003672
84.24722621949769,20.562593323896813
19.502081911353553,11.538035655182739
36.244393813729026,14.040552657234528
69.3453873333769,20.063005506428443
38.764232085753534,17.446990947848047
3.309867713156378,5.047104693839768
84.1171009222311,18.843440579126444
89.91766569966015,16.62047929443522
49.32856050799527,17.272332678524844
36.05557666731845,13.836384231643482
6.076489275422148,4.096524782534191
47.35163598650636,16.41535139353328
21.046471056187656,10.29450946419876
60.15902679101225,19.631415796926326
50.023814709965094,18.170976597286014
16.53296273284862,10.207019884094679
39.18620922557319,17.68727601416891
80.93919642845538,18.368045637211768
37.3314225142921,13.298711861496034
45.14681487233913,15.288246770554013
16.340724909913362,9.438822097606783
45.66647053682454,15.15869548459911
48.609037318475664,18.176711242053837
13.347135071952842,8.986955938426458
20.733740344671116,11.881890069978661
79.53171070804342,19.855084744814395
11.275414258824778,6.2413927120655055
65.56084106630524,18.85775586283751
31.88087413042825,11.048550046782932
56.315489265875684,15.27545270267759
42.21286919009124,14.099364320076745
0.2927823696432186,1.804205747862297
0.2467856062267182,1.9584586544570723
91.69740311864433,19.648219966143046
81.91742011880872,18.95764608393551
83.21266024530723,17.409424050455225
15.2948959258001,8.211315606933132
82.46348724210712,18.083857556195767
25.53351740101015,11.651044726224644
79.01613952041915,20.198357183576743
80.81744362835536,18.346356658212503
59.8105265159078,18.272365874084613
13.094073309254483,8.784433699471341
92.7036742221984,19.791214412692952
33.61029447682207,13.782150709653685
64.9265033911897,17.945217897729446
69.15130461607934,15.039661107089083
31.0322328586374,13.94255179468009
42.27298607472325,13.878315764582123
58.357259956811994,19.38832332762336
54.38029939654295,18.429692940978214
95.82331541121664,19.91791759755996
32.50896576272193,14.560272466028284
44.62817433761652,14.33618999799689
5.030734372516676,5.156581542912772
60.87400337689809,18.91563179698197
84.65232933833543,21.326642972600602
84.56944956720585,16.6836061027175
0.5906137464404049,1.9381741827971999
63.11603121052107,18.063839487205176
71.2828836573647,19.606071185464593
35.31479128936085,14.346112293389863
6.613274629180832,4.570270119147467
16.314122874589344,8.166055105065078
23.821171118211215,11.350274141328706
28.809762694172324,14.289775126696421
83.90795700296646,17.722206862912362
45.60981425364994,15.500911286108115
29.211434138019765,15.813397564906586
83.35303605869825,18.492530928759788
69.80692553601165,16.124729276348177
35.033227070682905,12.88966008007092
76.2814404202481,19.790750683109287
88.4944300951292,19.85975745705736
64.0212916610683,15.469239038296953
82.57879190111375,18.286000931479652
1.9485036562290836,2.5528745630151057
39.176349366283915,13.573778230038574
86.20970060837708,16.652669664697058
48.39485659310439,15.433773831119382
94.84434849834074,18.386741672593974
8.436349844926339,8.09981899195148
9.010420627632676,5.707127804422146
29.343086829635144,13.627585407070827
23.68913583413602,10.376218870510318
84.28951627810378,19.438861539951766
62.84231565361562,17.3762884093198
12.09745115966465,8.31113875347605
2.312859089092456,3.2724448944818993
17.03757598740413,11.373634095128509
84.80787438887472,19.521954935237023
67.48072024740156,19.809666621439867
85.94556112895683,20.374171712692718
61.47054040678363,16.97327663736212
19.45381644004621,11.164451207269087
37.24682410133617,14.360917127878439
42.925362432509964,18.20838837024684
43.42641572621264,14.466309487036414
81.03124656533403,16.500812036357154
7.561202170833258,5.801110187717458
39.0573373866825,16.711915680753624
82.02008600480414,18.971913649598246
52.20235920435772,17.118111130161903
25.30581612927898,12.021141683053026
40.27140026185572,16.6819486878014
4.804797989775378,3.984728726180525
20.716760543650615,10.364134456087905
81.72118657207636,16.28108714375378
83.16507785528538,17.956193677014674
93.22841410747684,20.279925874573653
29.934109077819603,15.70122284355077
17.719525834665205,9.520611623397917
61.58253078172646,17.308582089204222
23.18181409337282,10.710621633670264
94.06938330870986,20.411746211465754
86.50425243687314,17.580772827827317
23.509865151126586,13.274818070430454
34.681713494548184,15.221129869336187
41.280371346302346,18.60810561392204
76.74662300910848,19.397895557813918
42.53520440038552,12.96964112322283
37.24448981139447,15.341046359429928
84.90823263429965,16.24426933236342
82.43672081482272,17.114848725126944
9.226662858284262,6.015046480259726
90.83650073355153,17.418927747711738
22.035781685952927,9.181211109381865
85.85412648564645,17.71136770711841
30.27334435225997,15.076372400289655
69.59875641120999,17.093003053561645
56.338916471607966,18.471682721274682
16.79310820431843,10.425624000809886
27.30524370547408,13.30213592617286
95.02612872695197,19.22721749649588
29.968156774096176,12.696108024089051
37.731307060604166,14.238409716742423
22.83419900580814,13.81154339178724
87.66120263355518,20.914582993052775
73.10276610402725,19.184994881853694
22.661974275366937,12.737554179408663
16.9132533171359,9.391678783906167
95.46283027684221,20.937706276415618
40.78686245763671,15.821206047954323
45.30395343099143,16.26977166722345
97.86456404049166,17.556426584648303
16.748392242537257,10.826336308965587
28.786131114128754,13.116271787804038
75.7593385022481,18.447746244187822
76.80685228904036,18.17024951008076
24.28009018351478,13.875909789175727
80.90107256404414,22.501915280031522
76.60723704286649,16.349019851123252
7.281101630561048,7.082688738755305
97.21120904405109,18.233833715437445
78.3673188198928,18.731391218395874
62.15329377947384,17.288117718729108
3.284064516505558,4.837004041307613
11.199642690680623,8.279573090248357
59.99779858190708,19.02851254449213
9.864892090413246,6.700442642662717
57.27554634817914,18.250346551721677
68.86086969702805,19.93047109819685
97.60838732149409,19.552299794847926
90.05144771563477,20.183495809008335
53.28869389272681,16.194905956035633
10.249207930715976,7.511426139075544
62.67552558272983,18.005719933118655
82.3565268092261,16.5243722136416
64.33119650953985,17.902891731453586
20.52759595537711,11.344994995821374
42.454892581352475,12.991499475303051
86.0611296868404,17.49106794626099
59.55543694022209,19.03074340658398
8.11728909467757,6.843603384937875
67.96813546584826,17.268902252347537
85.9583500785104,19.787698466296323
77.11155179091374,18.475519109534847
64.12960599977875,16.706022967522316
4.529345291996489,5.1721017649547685
11.11590493508341,8.613770511320258
45.10433841186309,15.625229612252953
87.93890373444644,19.829740278614405
4.3926904015955115,3.8022335996586203
15.834911728716694,9.58563331977922
59.72620799307291,16.82165452152987
79.04878979444464,19.239327458179236
52.27026721956598,18.702489460029835
3.6093410208749566,4.529528332402538
67.15525868691786,19.51272791068902
8.285648293259595,8.151073764422314
6.42168496978438,5.877013688666901
83.31670576236252,18.508047073027594
0.5420321149000484,2.5232952691744956
9.27257223035044,6.33023010264058
40.08124727878963,18.348445742902395
70.59066432626564,19.54947730427447
41.947860029976134,14.903462110373713
89.71025613291313,18.551230704927878
4.600373389603329,4.546234092421137
73.08587745373275,20.15365710108639
7.258713238858938,6.83012194289736
16.735997550323255,9.931060810104183
68.7900192117524,20.138729400028257
6.093823824151146,5.495517617722918
59.406903776911726,14.837756829203652
43.777724083717175,14.980715769583384
74.87882372407843,21.292224133144924
31.91715184489642,13.093664052112262
24.643728277839095,10.216903935678278
76.60498608094365,16.873511524975402
90.9316451436152,20.791672525653453
65.99179316126298,20.715108143730415
9.474557100757908,6.84793018984741
91.87004799910842,18.372496840928175
33.56418893377546,16.243920723560407
81.05698254448124,17.770645685882315
32.54385979809855,14.676869798764377
21.33770743741984,11.1109074854821
17.703702056259008,8.861252203342543
76.09010616288381,19.87585295788445
82.47705389218922,17.750033947558876
87.35936960316646,19.5251208746705
90.3782769954608,19.675390089284598
67.18957964089506,18.99650917563647
88.69760373575542,21.68017149554186
50.629160735066115,16.042197374537515
0.12371407466118534,2.291692027676284
99.69949081240357,18.77501676385593
36.91504538403976,13.683640512820487
25.199418927312678,13.592087702506683
73.45562571137691,17.73853079843495
57.885136867083716,15.934936785409125
53.88113743243316,17.848820624777627
27.57887535249982,13.595393734577168
70.3984069421328,18.737779446762474
82.23693440360773,19.942920160290377
6.935516525055318,6.537004874706699
1.0949968293134105,2.9602621038958903
13.523408324776764,8.286543307579427
6.599511867715502,6.648509868436949
70.19758738300995,20.690188570651543
14.445723096498053,8.648712256275127
80.45371441683756,16.92640284260292
8.786846346859424,5.818472989691288
4.439837859692231,4.839823987838857
19.055808063998903,9.206396480442683
27.16236299994278,10.285337425997465
56.820135057225706,16.582722969940612
89.92080735945474,19.296165548843376
16.409060666343734,9.317209712071472
66.77711268113396,18.44084243800645
96.92006761004475,19.4027568066312
59.40223488393113,18.176110498749882
50.056681113642576,16.904245068919582
3.877373277023888,5.325562096432819
65.0026666044856,16.11153307959722
89.84590515080262,19.96373885326708
32.927926599663536,11.445299013806663
81.83654861682697,18.760389499135343
7.372655056210908,6.458881281743841
9.7566376865996,7.048695538588506
36.9919528666759,16.049703170213785
18.55247016703141,9.314185689361477
74.51954264998561,20.60641523076471
27.800264593124602,13.593784618879779
78.975168814063,20.678488463201678
14.241325843908703,8.458927876746756
98.45871392318239,19.633508532405333
45.50700423668604,14.168226896704141
15.760570725017942,10.019942624111748
11.78594706235111,7.453067865530946
36.8647474966313,15.314695027910707
62.53878977520242,18.87609809749489
34.86344424208714,12.081658009356685
85.40745912506844,17.167716566451453
32.04697155578632,14.635693019438438
74.95771483734134,18.47129077144577
29.36157052528432,15.085547040954799
20.41701826698591,8.651054631951338
24.76329378487846,12.044371980174047
37.13164793161402,14.851490160295183
0.8744617479363836,1.9699402051557051
25.56292739605822,13.631816102902913
41.4745844257848,15.514455232642588
25.499940442250324,11.958380733742455
42.604908453467914,17.3443890398717
1.807352875792556,3.9948514362077336
19.53607364078508,11.424362186536955
37.76575511728188,15.351441440300395
50.564418230779516,15.019481159235461
36.52224876896728,14.058974241873171
48.89148339692155,17.6265928966109
49.78361994889612,15.864835106197996
7.1143585685230715,7.212465508020843
44.99833153791921,16.076691523728094
88.10638481149763,17.27015137612745
97.32617437047286,17.247485253197997
47.306654370249866,17.309946648165905
68.6367366454901,18.950883601770386
3.8889103687389293,4.665153236369384
28.06655479181601,11.892531781297562
67.43689591799318,17.62528829495525
0.2633723224708229,1.2554705140974787
86.11459663638394,18.003323580358114
97.74374125097921,17.00895554150782
18.78640681590731,11.330370637724883
72.7327719465228,20.069288307772002
29.24072803713735,15.29090046333311
89.12422134190639,18.69767110013228
87.39012078650777,17.037507404843712
19.679673472578497,10.684129314548196
30.862356683685732,11.88822104811445
20.52939505143554,10.500060499346787
8.627918818405323,7.552282540205432
48.694513352277625,16.55691908768447
18.554508253963007,11.11897308492169
75.9394104030983,19.167419874376662
83.83125400491784,17.63143419558017
56.867470947494645,15.325036823826052
6.706813864644801,4.813090964235121
13.159776496785213,9.216586625021144
45.60170518632197,16.784698454346852
96.42279056238404,18.18122706872221
23.29444619874884,12.398705477152443
67.40847930590581,16.86111369167896
31.611128408788367,15.945293479660734
76.85177639749412,22.58562861252635
69.22682010539604,20.099166176353105
38.76428283177851,15.89417694507367
61.056054097124544,16.712411071481714
89.00646981513913,22.846683075652304
9.105441214237208,7.470171955671426
76.40914433949708,17.366799682946112
31.032113191810307,14.56788206387775
6.65828721688011,3.6908081429107282
69.9183033831066,19.088809247563113
71.05690849450643,21.213845451272846
92.98636654969108,17.849432717146453
23.094520419848664,11.413490159511777
38.637904967203895,12.620635892718823
38.95712169958403,18.451625602953833
38.7680083826554,13.19573906510836
6.792711174902289,5.545185551584112
18.62840846164484,12.56931589044855
67.37514948169391,17.23157942889232
38.821146760546235,13.395807517949246
95.68435808776783,18.47905771836128
59.96717317279976,20.047775795930942
10.817436108126143,8.449935762299619
5.038184190051598,5.495099384903135
73.1714716394705,17.168701803034363
41.533583396466135,14.414910154623723
28.101539824745313,11.862717280439558
50.80597081010414,19.49468581536383
17.546504247125615,9.31395642359734
33.37278016233596,13.868644593891872
22.493168159351107,10.127860101663062
21.56150195299015,10.910279677752694
90.42519941200776,18.780796340217712
44.38565358313149,17.964182730119752
10.83611679861589,8.735982641097783
25.27543430506467,11.986109657283745
92.60935759439919,20.30517278423926
76.02331957008369,16.451539021821553
65.71598313743135,19.639138251044375
92.98515532032789,18.820257651061727
87.3551270338747,20.649106702711368
88.45126843705864,20.75043802909177
76.02986205658769,19.67318810301313
53.16554998779911,19.84097030502982
56.86894822313157,17.098745909955188
79.42410280509417,18.31251402600398
22.562893586257704,10.584412168839759
47.19952836760123,15.366092311203806
30.289779606067725,13.179689186063003
86.06814455993657,18.07670404905674
89.48092423816581,17.45726709717664
28.56375708578478,12.836788920946622
30.52005253094733,12.53157570464899
84.18381847007603,21.38100468204173
51.47201884192093,16.417332257889306
73.28214906893774,19.197424942365956
39.46405419379596,16.78554328224719
23.13616197169933,13.05634131879393
41.91424903957722,16.960838191461296
10.15329885245474,8.225763789451204
5.354127440281542,4.763461788402966
57.266817380455535,17.845597367460265
78.1214995745039,18.81046197043339
9.418273806380839,6.805124509173641
71.52694256735982,19.12579543760142
76.59843036729573,18.529082168377904
66.1338624278604,16.757914449663534
37.79812284220087,17.133852257866295
39.54385183274628,15.813996263840139
13.033515612238222,8.820219557999389
20.64418466660993,9.14907673572937
59.54348309838969,19.885240653400007
81.18593473449396,19.78609536370778
85.78104179683513,19.465703271720027
94.86146616046867,16.260811687722953
58.78438196770893,17.973523652201656
18.105045395949958,11.39789976367313
2.612701702795228,2.8570537688337554
34.88352951933456,13.886206368315223
90.9965178266811,21.631001538638483
24.605902718070283,12.864637026746884
27.950560061680186,13.735551927090368
35.34836493432131,12.775523859328567
9.357171839015743,6.4081025000839436
86.35267324697486,22.03625111867728
11.575503037686396,8.458574942993952
55.85987027614209,16.341402076792974
40.38391234410167,17.081981484998128
15.498036345213272,9.759514841022051
78.23542917528711,18.953816700218656
4.241714268377306,4.46588802963122
2.596049305368353,2.959657302686526
59.1165435280423,15.84558728046169
89.2395797684853,17.064772450312237
40.808526193663354,18.323738811085445
64.94109195463822,18.076239688404062
22.524563189091662,11.99612730097433
76.84985356616383,17.031838151606383
56.99880904558342,16.29878532434239
93.59454988724708,19.067264604705954
99.5020679467341,20.56568419528712
63.585168145828796,14.099725745282058
35.77802692952581,13.721415495087959
48.53492152794845,16.410186269740763
59.22313868969565,15.30197824004164
56.79294129287184,16.560115568476178
8.984113384704905,7.573743735954025
33.2633259622891,13.334863327348504
23.88416154310612,10.305441272646108
98.42235275750635,20.982358608108036
97.26229009606953,20.36766227675795
68.32123645077458,15.838628608648847
43.19436870460888,17.18084783540783
24.727033250037202,11.04797988557175
80.43566548568018,17.74325108237144
40.94475393805814,16.58648836625776
98.87586020860027,19.835251183715222
98.4912574540428,19.000826709335996
45.04068387250323,17.336513405729328
33.06628838317957,14.471297522913964
45.99204605160152,16.202316060859882
86.39092808365154,17.927294080313565
50.70923920557566,19.745771163612957
21.925384850345885,11.329035344218177
91.07098267301478,18.429591621655316
43.589625628883674,14.75147669508775
10.537668158071856,9.319568182842026
70.90594728153417,15.785632454655442
55.80999957064709,15.27324656786451
29.02743229542485,11.667022275500372
85.25686784634206,16.617437194438427
27.852697856393092,13.444090268984262
34.883591588633124,16.547031278546978
56.309788917194325,17.634944778348682
73.13591332602053,20.16138612512674
81.19226252211203,20.335135504235925
54.24787696543159,15.808502135579804
96.98808606601109,19.244260233110072
36.516972503912626,14.161682991084705
7.997545206624956,6.800636135106342
52.87102674434831,17.602899289906684
19.89993016110261,12.77435640822818
97.08959900658066,19.67450999068662
43.81682982914206,17.338963460683196
65.41498747461773,16.62491339844432
85.02033286959536,17.640856864517577
70.12810986977617,17.47426671384944
37.538427303292075,13.837633725154001
68.53881787397667,18.23536697941973
42.55541402281935,17.802501081342267
20.299729395379163,11.876506961780834
94.54621606889538,19.794475231794742
94.05785142761385,17.98416099908972
99.70718085780878,19.607569771197028
37.21602839737719,15.529468196324798
6.416186710563466,5.922900102805438
13.923829217249839,8.130990941003443
38.42225930768919,13.985868323536717
45.509474794594254,17.772275214146514
79.56580913862382,17.190249772418408
37.67576293929732,16.053691875976934
68.00798655079439,18.16545483011066
54.744497962151414,18.359212481777323
58.63205471214582,19.17355583859321
20.176309540417392,11.018274336142934
52.546621863311294,16.506253108887616
36.80236931665516,13.855943604375584
90.45187754963519,20.27501841716774
53.341416396013805,16.475953819896507
78.21826970228128,19.262817316434994
14.81309433680188,7.330612789154842
22.393938639665045,13.851987947592221
69.20347976917385,18.438778242649626
94.3551499653045,21.077987000587573
43.050946944546475,14.565303105049875
25.64936971068531,13.849440031630156
88.1954153095609,20.178872211922364
81.56707319791184,21.035693808373296
20.42504001926082,8.957961134257792
70.82298860998193,18.819513574630538
80.10207894054258,19.170444672171765
80.97605826385245,15.847357953178738
67.87082546242536,17.41112066992041
77.76117864117325,19.835613642724628
74.7907601021828,20.630043984785342
44.7650905553658,15.339594755727514
75.53231189285499,17.92921408395941
38.75703023018785,16.59635039654701
57.81174291764035,15.531053348194417
83.32390921452628,16.99761214736069
65.19483824415173,17.728077938156048
16.778018030762166,10.458225904200821
87.90279930971748,15.602005695189538
55.143359777931856,23.113902001043847
99.03645629481582,20.36433694947953
13.927741798471638,7.851541260521768
68.1888557989,17.58328528300166
43.63634367311384,14.757066187265275
14.801643951215283,8.342829512716634
35.0263233254646,13.18544377345289
46.15976695000877,16.152594617431962
65.14367067945147,18.701237434517918
37.47610853046264,13.911655369040073
30.985071672608257,13.983637499236156
1.8409984198509255,3.24032551803112
88.35807007227898,21.54806632309999
51.099104221289124,15.215446887109852
9.712874708905284,7.940854232467556
56.2949549350533,15.676854163867008
22.310036319580163,11.806749224031512
48.388215115425304,15.225093554682017
30.078314861664623,13.333651213543028
5.145103799586581,3.944933493296915
63.05917888099999,17.671404446688193
34.704916867425105,15.793018786137045
61.57231984453716,19.78414487337901
78.34447400393168,19.613802295961527
50.25844304558101,16.25484861086718
94.35023016658137,17.47243304210721
89.43208336605713,18.596584781900432
67.13631242781017,17.94180576214397
46.584184576334195,15.487532427871582
4.0887045684682715,4.340184766544133
0.5528399942496098,1.9968499677199656
8.142392297934077,6.579041612705667
6.086652125257475,4.872345914774644
69.47764893264687,18.74540516988827
97.60640254393807,19.53366558780706
40.476770881740634,17.420531678940325
58.083466476992854,16.39753593467269
32.03430314024648,15.285596174819265
97.48163780530686,21.278106520980735
56.086927784328324,17.196049484928334
20.247488782715926,12.476756172422041
6.63654205544344,4.7635884087951545
28.30802574449518,12.074211778840379
15.418296252166607,9.562650557246322
42.85381569520032,14.767834410220393
81.69316045945652,20.978206945855657
52.98818464866025,20.231255378622016
92.63163696637776,19.18538564622157
60.44821310752153,16.84324711102676
95.45495121528442,19.35701982205942
95.9701857808416,18.731338150665717
57.973913189560186,18.204693026577825
74.92188368768855,19.63466287795944
9.994438596526722,7.639859042406174
73.87577304798474,20.98685373054326
26.319019967509526,11.379183945358118
91.84128827766425,18.079620220009982
57.68994343640371,18.322698329818117
27.176619443848573,13.132324181603218
98.05598735392627,20.54126458756401
80.79307895205905,19.853740802907456
33.5966033762476,15.484288103686694
66.6272054010042,15.19433702812989
40.55530544008875,14.856689397513314
38.82225131193356,13.505920986289551
96.80915114227956,20.22198510188939
6.3451346415448695,5.487162202370506
71.15891888169567,16.568297421225306
21.052836369850304,10.807616063837699
25.49737916615903,12.601629209447255
15.82658848086015,10.275181725819284
23.996621086532656,11.184689090413766
53.473532536857164,17.023729862934214
24.20086980288452,12.349242028168115
92.40820588061337,20.75333635993735
44.66310241914889,15.550845852311058
22.554762505210668,11.011568880252184
75.56127946666857,15.687067223034049
24.96511550623346,12.282595070346876
65.75218938919599,21.34585432661424
17.059966246798496,11.1050677946286
16.42751790633493,9.667574157700045
13.182026529327695,9.428526063678813
60.192993149447226,19.310081575971886
36.032910081640246,17.102319461292183
56.423211377606656,15.870674488427035
97.0617040377166,19.12146662970098
60.37864452520658,17.45605970965088
51.254745975897485,16.392051861039892
6.261344861210539,5.570755552851285
26.4076538681582,14.288590179236106
32.27133218575573,13.463882900313022
1.2970639405157525,2.0482956607206138
30.570234755536074,14.412086085361949
13.854582641191449,8.081332181466692
89.9163818798498,21.467376536085993
73.95746112363739,17.488266453210013
59.55462688706111,16.30443501978455
23.55744340955026,10.510327499484514
78.52528457498403,18.514645333480768
68.14275706172694,19.17311649453286
55.62805124702417,16.548103916877583
44.91617925517033,14.315072624127176
42.99283389838601,15.211316612561536
41.44834628575741,14.316492544850284
67.96579665065674,18.191143928490053
80.8059066006824,17.178510020800303
94.30776679030178,20.094070210426885
85.89797534560037,17.556657245200096
0.5244041233534946,2.533124469291471
87.67210062892498,20.006615540067628
67.91311081690039,18.297491043467954
31.247190944616975,12.639382655647522
23.013540377767928,11.214818060589746
17.23869297148464,7.581537158704522
44.424743019173484,15.478144631848682
3.9088197414248294,4.703187622667361
90.60298584222403,20.221307815642483
17.68928509505223,7.792906568464397
27.657421447573448,12.27685961438506
83.4993696751575,20.029266523372026
1.4228494030392724,2.833080309774423
41.9558098364039,15.642034888444137
56.285651708937344,18.04739372513138
66.60452244836473,16.99091011998667
23.51927963013828,12.938421292952741
38.653317819260955,16.09180527330555
60.524159057009044,17.675181399256992
62.78345070304779,17.929623188002054
34.463672386857134,12.88215660262947
11.994492083057695,6.915877252106862
65.12584497038422,17.16583302928148
37.23104331645531,12.780093351544977
64.16506654901883,18.986575699648863
31.36478237053566,14.544962319290029
23.74311478717912,11.073531335198133
51.0124722284385,16.01058052036627
26.839856152852416,11.684971743348477
52.873495063283535,18.088071915663633
53.09513850023598,18.495531080597
78.25598683962454,18.74292019626941
0.9978216999018241,2.238425827570906
74.6215037505183,16.15223350206884
92.20191824233206,17.328014399302617
92.47608555190115,19.80504762320675
60.58285258803879,17.616110277780102
12.190414091118063,9.665868115853542
14.790041149256151,8.660189273074694
25.690331112540598,13.340844137610238
45.127517439568045,17.307873117829438
66.15417609152772,18.726693754682348
65.37830289941772,18.130493457431616
97.87702296381718,19.95180002185453
37.022083259699855,15.005821939253794
91.75769856460012,17.953448594742685
95.2635960819289,17.619729326472008
